MOSTYPE,41
MAANTHUI,10
MGEMOMV,6
MGEMLEEF,6
MOSHOOFD,10
MGODRK,10
MGODPR,10
MGODOV,10
MGODGE,10
MRELGE,10
MRELSA,10
MRELOV,10
MFALLEEN,10
MFGEKIND,10
MFWEKIND,10
MOPLHOOG,10
MOPLMIDD,10
MOPLLAAG,10
MBERHOOG,10
MBERZELF,10
MBERBOER,10
MBERMIDD,10
MBERARBG,10
MBERARBO,10
MSKA,10
MSKB1,10
MSKB2,10
MSKC,10
MSKD,10
MHHUUR,10
MHKOOP,10
MAUT1,10
MAUT2,10
MAUT0,10
MZFONDS,10
MZPART,10
MINKM30,10
MINK3045,10
MINK4575,10
MINK7512,10
MINK123M,10
MINKGEM,10
MKOOPKLA,10
PWAPART,10
PWABEDR,10
PWALAND,10
PPERSAUT,10
PBESAUT,10
PMOTSCO,10
PVRAAUT,10
PAANHANG,10
PTRACTOR,10
PWERKT,10
PBROM,10
PLEVEN,10
PPERSONG,10
PGEZONG,10
PWAOREG,10
PBRAND,10
PZEILPL,10
PPLEZIER,10
PFIETS,10
PINBOED,10
PBYSTAND,10
AWAPART,13
AWABEDR,13
AWALAND,13
APERSAUT,13
ABESAUT,13
AMOTSCO,13
AVRAAUT,13
AAANHANG,13
ATRACTOR,13
AWERKT,13
ABROM,13
ALEVEN,13
APERSONG,13
AGEZONG,13
AWAOREG,13
ABRAND,13
AZEILPL,13
APLEZIER,13
AFIETS,13
AINBOED,13
ABYSTAND,13
CARAVAN,2
