MOSTYPE,41,1
MAANTHUI,10,1
MGEMOMV,6,1
MGEMLEEF,6,1
MOSHOOFD,10,1
MGODRK,10,0
MGODPR,10,0
MGODOV,10,0
MGODGE,10,0
MRELGE,10,0
MRELSA,10,0
MRELOV,10,0
MFALLEEN,10,0
MFGEKIND,10,0
MFWEKIND,10,0
MOPLHOOG,10,0
MOPLMIDD,10,0
MOPLLAAG,10,0
MBERHOOG,10,0
MBERZELF,10,0
MBERBOER,10,0
MBERMIDD,10,0
MBERARBG,10,0
MBERARBO,10,0
MSKA,10,0
MSKB1,10,0
MSKB2,10,0
MSKC,10,0
MSKD,10,0
MHHUUR,10,0
MHKOOP,10,0
MAUT1,10,0
MAUT2,10,0
MAUT0,10,0
MZFONDS,10,0
MZPART,10,0
MINKM30,10,0
MINK3045,10,0
MINK4575,10,0
MINK7512,10,0
MINK123M,10,0
MINKGEM,10,0
MKOOPKLA,10,0
PWAPART,10,0
PWABEDR,10,0
PWALAND,10,0
PPERSAUT,10,0
PBESAUT,10,0
PMOTSCO,10,0
PVRAAUT,10,0
PAANHANG,10,0
PTRACTOR,10,0
PWERKT,10,0
PBROM,10,0
PLEVEN,10,0
PPERSONG,10,0
PGEZONG,10,0
PWAOREG,10,0
PBRAND,10,0
PZEILPL,10,0
PPLEZIER,10,0
PFIETS,10,0
PINBOED,10,0
PBYSTAND,10,0
AWAPART,13,0
AWABEDR,13,0
AWALAND,13,0
APERSAUT,13,0
ABESAUT,13,0
AMOTSCO,13,0
AVRAAUT,13,0
AAANHANG,13,0
ATRACTOR,13,0
AWERKT,13,0
ABROM,13,0
ALEVEN,13,0
APERSONG,13,0
AGEZONG,13,0
AWAOREG,13,0
ABRAND,13,0
AZEILPL,13,0
APLEZIER,13,0
AFIETS,13,0
AINBOED,13,0
ABYSTAND,13,0
CARAVAN,2,0
